[
    {
        "id": 10001,
        "name": "Sonalika",
        "image":"user1.jpeg",
        "class":"first-user",
        "message": "Hi, I am John. I would like to impform you that I wont be available for tomorrow."
    },
    {
        "id": 10002,
        "name": "Maverick",
        "image":"user2.jpeg",
        "class":"second-user",
        "message": "Hi, I am John. I would like to impform you that I wont be available for tomorrow."
    },
    {
        "id": 10003,
        "name": "Nevaeh",
        "image":"user3.jpeg",
        "class":"third-user",
        "message": "Hi, I am Nevaeh. I would like to impform you that I wont be available for tomorrow."
    },
    {
        "id": 10004,
        "name": "James",
        "image":"user4.jpeg",
        "class":"fourth-user",
        "message": "Hi, I am Alivia. I would like to impform you that I wont be available for tomorrow."
    },
    {
        "id": 10005,
        "name": "Jaylen",
        "image":"user5.jpeg",
        "class":"fifth-user",
        "message": "Hi, I am Jaylen. I would like to impform you that I wont be available for tomorrow."
    }
]